{
    "BR_Lobith": {
        "600.0": 1.8367613107550078,
        "1020.0": 2.8872331585834763,
        "2000.0": 4.690619391209167,
        "4000.0": 7.192496579237754,
        "6000.0": 9.041408804815534,
        "8000.0": 10.473979276330404,
        "10000.0": 11.49922691769827,
        "12000.0": 12.305871386893624,
        "13000.0": 12.682765488779705,
        "14000.0": 13.03783845871698,
        "15000.0": 13.365482002982038,
        "16000.0": 13.673982618119851,
        "17000.0": 13.969889931760303,
        "18000.0": 14.252863627396053,
        "20000.0": 14.806379237439135,
        "24000.0": 15.891860165582951
    },
    "WA_Erlecom": {
        "600.0": 1.7491501433159227,
        "1020.0": 2.7849160875496604,
        "2000.0": 4.66287315968579,
        "4000.0": 7.0199744541182705,
        "6000.0": 8.708382292724535,
        "8000.0": 9.894895510147157,
        "10000.0": 10.676685809968085,
        "12000.0": 11.421292201016175,
        "13000.0": 11.800856792036662,
        "14000.0": 12.173727173100659,
        "15000.0": 12.537604792020197,
        "16000.0": 12.873921047625025,
        "17000.0": 13.186967653219554,
        "18000.0": 13.469732300210978,
        "20000.0": 13.99642159857165,
        "24000.0": 15.027836120798487
    },
    "WA_Nijmegen": {
        "600.0": 1.0575901017728842,
        "1020.0": 2.0930576113315484,
        "2000.0": 4.059822550016278,
        "4000.0": 6.3256357848121825,
        "6000.0": 7.984548946710907,
        "8000.0": 9.057892261600687,
        "10000.0": 9.772622371630726,
        "12000.0": 10.518372722903555,
        "13000.0": 10.911224541903985,
        "14000.0": 11.285955104928936,
        "15000.0": 11.641385810931896,
        "16000.0": 11.963683448886387,
        "17000.0": 12.260321559138896,
        "18000.0": 12.528145380362576,
        "20000.0": 13.031503435098406,
        "24000.0": 14.020225974749687
    },
    "WA_Ewijk": {
        "600.0": 1.7722302057834385,
        "1020.0": 2.785590852467134,
        "2000.0": 4.72669062144836,
        "4000.0": 6.9506979762401135,
        "6000.0": 8.540701265776098,
        "8000.0": 9.529145086217456,
        "10000.0": 10.130574966597042,
        "12000.0": 10.807238056002614,
        "13000.0": 11.177692002911332,
        "14000.0": 11.533792404341746,
        "15000.0": 11.873251664318715,
        "16000.0": 12.183519044609117,
        "17000.0": 12.467501681827462,
        "18000.0": 12.724988954213552,
        "20000.0": 13.209215762306524,
        "24000.0": 14.162841999248911
    },
    "WA_Ophemert": {
        "600.0": 2.219297423533363,
        "1020.0": 3.0427585104407573,
        "2000.0": 4.790583567196777,
        "4000.0": 6.8489960453752,
        "6000.0": 8.252182973781187,
        "8000.0": 9.216858057256829,
        "10000.0": 9.88313326321274,
        "12000.0": 10.631882680485965,
        "13000.0": 11.027194868145429,
        "14000.0": 11.40131148717003,
        "15000.0": 11.75449865318887,
        "16000.0": 12.07990828883594,
        "17000.0": 12.371629377283819,
        "18000.0": 12.636245608823689,
        "20000.0": 13.129796658847969,
        "24000.0": 14.09048552578143
    },
    "WA_St. Andries": {
        "600.0": 2.6695923115154647,
        "1020.0": 3.195931615925928,
        "2000.0": 4.6076019195526445,
        "4000.0": 6.366975878896417,
        "6000.0": 7.743890761060082,
        "8000.0": 8.851050440222817,
        "10000.0": 9.53703090250362,
        "12000.0": 10.261777325669579,
        "13000.0": 10.647034763703262,
        "14000.0": 11.010534325636021,
        "15000.0": 11.352352894662973,
        "16000.0": 11.667869320630864,
        "17000.0": 11.949256811278568,
        "18000.0": 12.205017239346592,
        "20000.0": 12.681046336427219,
        "24000.0": 13.605858270707676
    },
    "WA_Zaltbommel": {
        "600.0": 2.857181456524214,
        "1020.0": 3.2457988257659327,
        "2000.0": 4.430361494854259,
        "4000.0": 6.113905663606357,
        "6000.0": 7.455891428705494,
        "8000.0": 8.594617348813786,
        "10000.0": 9.268819763938112,
        "12000.0": 9.980531829806957,
        "13000.0": 10.359783323421105,
        "14000.0": 10.717945482624385,
        "15000.0": 11.054964970524873,
        "16000.0": 11.36603922365744,
        "17000.0": 11.643387994449302,
        "18000.0": 11.89551262031734,
        "20000.0": 12.364822457003575,
        "24000.0": 13.277191394903962
    },
    "NRL_Arnhem": {
        "600.0": 0.8910018886962485,
        "1020.0": 1.9077546935357097,
        "2000.0": 3.635067185343365,
        "4000.0": 5.048872561756269,
        "6000.0": 6.5316937856203605,
        "8000.0": 7.462449713900526,
        "10000.0": 8.048166292085885,
        "12000.0": 8.535441404067395,
        "13000.0": 8.767241496285699,
        "14000.0": 8.990243750661225,
        "15000.0": 9.215436746134557,
        "16000.0": 9.45000768391536,
        "17000.0": 9.713266454978424,
        "18000.0": 9.965362865254736,
        "20000.0": 10.415898190165287,
        "24000.0": 11.321204307102388
    },
    "MWK_Weurt": {
        "600.0": 1.6514186335722412,
        "1020.0": 2.681626871425962,
        "2000.0": 4.645261621401708,
        "4000.0": 6.892352513836678,
        "6000.0": 8.563536065273246,
        "8000.0": 9.65370734643334,
        "10000.0": 10.351852623833366,
        "12000.0": 11.087030101976096,
        "13000.0": 11.476551609556752,
        "14000.0": 11.848642319487588,
        "15000.0": 12.202718012428305,
        "16000.0": 12.523939450563253,
        "17000.0": 12.819461395561397,
        "18000.0": 13.086465537990536,
        "20000.0": 13.588290138293658,
        "24000.0": 14.574774598965693
    },
    "ARK_Tiel": {
        "600.0": 3.120026391637679,
        "1020.0": 4.009632188171108,
        "2000.0": 5.7986387972656015,
        "4000.0": 7.917666758983815,
        "6000.0": 9.34590277526905,
        "8000.0": 10.33844458673534,
        "10000.0": 10.968545262637033,
        "12000.0": 11.643260808715633,
        "13000.0": 12.031424359650128,
        "14000.0": 12.40238123862676,
        "15000.0": 12.753480038056779,
        "16000.0": 13.076771591593014,
        "17000.0": 13.367057339044344,
        "18000.0": 13.63078602022691,
        "20000.0": 14.12356866725977,
        "24000.0": 15.08447802263354
    },
    "TK_Eefde": {
        "600.0": 2.5136829863193677,
        "1020.0": 3.669814907657776,
        "2000.0": 5.598238212944515,
        "4000.0": 7.504960556055063,
        "6000.0": 8.4203093775259,
        "8000.0": 8.866013375204794,
        "10000.0": 9.218379206559955,
        "12000.0": 9.6052224930805,
        "13000.0": 9.703988119915692,
        "14000.0": 9.838549353180213,
        "15000.0": 9.952093425260546,
        "16000.0": 10.090050758887937,
        "17000.0": 10.313972894420267,
        "18000.0": 10.590020618588596,
        "20000.0": 11.204327634681665,
        "24000.0": 12.292589807285182
    },
    "MA_Niftrik": {
        "600.0": 3.2000000000000006,
        "1020.0": 3.2000000000000006,
        "2000.0": 3.2000000000000006,
        "4000.0": 3.200000000000003,
        "6000.0": 3.199999999999998,
        "8000.0": 3.199999999999993,
        "10000.0": 3.200000000000003,
        "12000.0": 3.200000000000003,
        "13000.0": 3.200000000000003,
        "14000.0": 3.199999999999993,
        "15000.0": 3.200000000000013,
        "16000.0": 3.199999999999993,
        "17000.0": 3.200000000000013,
        "18000.0": 3.199999999999993,
        "20000.0": 3.199999999999993,
        "24000.0": 3.200000000000013
    },
    "MA_Mook": {
        "600.0": 3.5,
        "1020.0": 3.5,
        "2000.0": 3.5,
        "4000.0": 3.5,
        "6000.0": 3.5,
        "8000.0": 3.5,
        "10000.0": 3.5,
        "12000.0": 3.5,
        "13000.0": 3.5,
        "14000.0": 3.5,
        "15000.0": 3.5,
        "16000.0": 3.5,
        "17000.0": 3.5,
        "18000.0": 3.5,
        "20000.0": 3.5,