{
    "BR_Lobith": {
        "600.0": 2.0764683823016847,
        "1020.0": 3.130416064095056,
        "2000.0": 4.8265429784672556,
        "4000.0": 7.3571049179310055,
        "6000.0": 9.191227553278448,
        "8000.0": 10.60494646621784,
        "10000.0": 11.601727130819276,
        "12000.0": 12.365204531898058,
        "13000.0": 12.74128084997702,
        "14000.0": 13.089188998253707,
        "15000.0": 13.418452877883372,
        "16000.0": 13.732563080868395,
        "17000.0": 14.030387166055938,
        "18000.0": 14.311290207294864,
        "20000.0": 14.861609806669076,
        "24000.0": 15.9415393587527
    },
    "WA_Erlecom": {
        "600.0": 1.7454278009856423,
        "1020.0": 2.711077231106636,
        "2000.0": 4.4055459307864036,
        "4000.0": 6.7763644318018885,
        "6000.0": 8.42048720508599,
        "8000.0": 9.535538067933022,
        "10000.0": 10.31113288414337,
        "12000.0": 11.044037554222808,
        "13000.0": 11.420825145780347,
        "14000.0": 11.802318351790133,
        "15000.0": 12.17203306066236,
        "16000.0": 12.517755339906772,
        "17000.0": 12.829276012412908,
        "18000.0": 13.103337514918739,
        "20000.0": 13.62234435732109,
        "24000.0": 14.641880505444888
    },
    "WA_Nijmegen": {
        "600.0": 1.2184625145570116,
        "1020.0": 2.2000192074502682,
        "2000.0": 3.985777524380702,
        "4000.0": 6.3235639397725985,
        "6000.0": 7.97960920059509,
        "8000.0": 9.02397766428371,
        "10000.0": 9.751011300519698,
        "12000.0": 10.489561028804083,
        "13000.0": 10.879286920656337,
        "14000.0": 11.260318631577707,
        "15000.0": 11.619420525420447,
        "16000.0": 11.950205051849304,
        "17000.0": 12.24579061877278,
        "18000.0": 12.506770535532842,
        "20000.0": 13.004005855364637,
        "24000.0": 13.98268657273783
    },
    "WA_Ewijk": {
        "600.0": 1.5692748291115246,
        "1020.0": 2.537450863289493,
        "2000.0": 4.310925420431172,
        "4000.0": 6.622640625267448,
        "6000.0": 8.216887741973345,
        "8000.0": 9.181907797484378,
        "10000.0": 9.798120229156831,
        "12000.0": 10.468830200604483,
        "13000.0": 10.837031311294664,
        "14000.0": 11.200034036806546,
        "15000.0": 11.545056683320734,
        "16000.0": 11.863942659189396,
        "17000.0": 12.148044631337772,
        "18000.0": 12.399629532747197,
        "20000.0": 12.879351704785627,
        "24000.0": 13.825363275602342
    },
    "WA_Ophemert": {
        "600.0": 2.0022998457680434,
        "1020.0": 2.8106739725471845,
        "2000.0": 4.405265796290932,
        "4000.0": 6.588205942461223,
        "6000.0": 8.018264271031475,
        "8000.0": 8.975983744860136,
        "10000.0": 9.659283163211699,
        "12000.0": 10.403253709637873,
        "13000.0": 10.799034028427672,
        "14000.0": 11.182931937421092,
        "15000.0": 11.545136061853851,
        "16000.0": 11.88089395583443,
        "17000.0": 12.175040293970781,
        "18000.0": 12.434988450405141,
        "20000.0": 12.92662809515108,
        "24000.0": 13.883904094482801
    },
    "WA_St. Andries": {
        "600.0": 2.6865365877831953,
        "1020.0": 3.188415830774575,
        "2000.0": 4.462372571144845,
        "4000.0": 6.375665771487104,
        "6000.0": 7.781920897698822,
        "8000.0": 8.872781996887278,
        "10000.0": 9.564208729326591,
        "12000.0": 10.278899473895532,
        "13000.0": 10.66323274994047,
        "14000.0": 11.036138198787937,
        "15000.0": 11.386954537032011,
        "16000.0": 11.712797215916257,
        "17000.0": 11.99713668104852,
        "18000.0": 12.248999409455772,
        "20000.0": 12.724314447451656,
        "24000.0": 13.648365793626999
    },
    "WA_Zaltbommel": {
        "600.0": 2.9245074785478042,
        "1020.0": 3.2964189498318435,
        "2000.0": 4.343739750383677,
        "4000.0": 6.122139661139397,
        "6000.0": 7.492775440278062,
        "8000.0": 8.610829962716423,
        "10000.0": 9.31532697684149,
        "12000.0": 10.024951466699855,
        "13000.0": 10.40511369059752,
        "14000.0": 10.773355429439897,
        "15000.0": 11.119790072451613,
        "16000.0": 11.441061525750797,
        "17000.0": 11.721233309397727,
        "18000.0": 11.969301201572849,
        "20000.0": 12.4372995694563,
        "24000.0": 13.347355183944403
    },
    "NRL_Arnhem": {
        "600.0": 1.2024202078042505,
        "1020.0": 2.1735135326484585,
        "2000.0": 3.552079435492204,
        "4000.0": 5.145289709126784,
        "6000.0": 6.6068466326113935,
        "8000.0": 7.493869846775935,
        "10000.0": 8.085779587664426,
        "12000.0": 8.550260492047546,
        "13000.0": 8.774909347849622,
        "14000.0": 8.98539458180991,
        "15000.0": 9.19940462953506,
        "16000.0": 9.428759453440183,
        "17000.0": 9.682337068920962,
        "18000.0": 9.93784226228468,
        "20000.0": 10.388079161561858,
        "24000.0": 11.303507041057753
    },
    "MWK_Weurt": {
        "600.0": 1.9001937632017774,
        "1020.0": 2.877350184204129,
        "2000.0": 4.662071362105339,
        "4000.0": 6.985466437215412,
        "6000.0": 8.656949773143907,
        "8000.0": 9.716392459663183,
        "10000.0": 10.43139416317441,
        "12000.0": 11.161849582476767,
        "13000.0": 11.548986048882334,
        "14000.0": 11.928209151200074,
        "15000.0": 12.286424022105999,
        "16000.0": 12.616570590130047,
        "17000.0": 12.911501600763259,
        "18000.0": 13.172004788826277,
        "20000.0": 13.668357971985472,
        "24000.0": 14.645725076000648
    },
    "ARK_Tiel": {
        "600.0": 3.121697730272393,
        "1020.0": 3.9981419250951156,
        "2000.0": 5.628920191294281,
        "4000.0": 7.871416949951698,
        "6000.0": 9.322327300702824,
        "8000.0": 10.305274232777439,
        "10000.0": 10.956056005911062,
        "12000.0": 11.620963993252547,
        "13000.0": 12.008445090994458,
        "14000.0": 12.388323438457013,
        "15000.0": 12.747911721902899,
        "16000.0": 13.08120429215235,
        "17000.0": 13.373608954298106,
        "18000.0": 13.6324673044214,
        "20000.0": 14.122991797609997,
        "24000.0": 15.07992974934469
    },
    "TK_Eefde": {
        "600.0": 2.8236175165494695,
        "1020.0": 3.9546374209193838,
        "2000.0": 5.563282742198603,
        "4000.0": 7.580721720876013,
        "6000.0": 8.457085654344922,
        "8000.0": 8.879989908773634,
        "10000.0": 9.26107131089877,
        "12000.0": 9.622381928782463,
        "13000.0": 9.717565440146458,
        "14000.0": 9.849458691076904,
        "15000.0": 9.958463283591872,
        "16000.0": 10.093660250409329,
        "17000.0": 10.313962648551328,
        "18000.0": 10.593730204038568,
        "20000.0": 11.20896743235938,
        "24000.0": 12.293417325396558
    },
    "MA_Niftrik": {
        "600.0": 3.2000000000000006,
        "1020.0": 3.2000000000000006,
        "2000.0": 3.2000000000000006,
        "4000.0": 3.200000000000003,
        "6000.0": 3.199999999999998,
        "8000.0": 3.199999999999993,
        "10000.0": 3.200000000000003,
        "12000.0": 3.200000000000003,
        "13000.0": 3.200000000000003,
        "14000.0": 3.199999999999993,
        "15000.0": 3.200000000000013,
        "16000.0": 3.199999999999993,
        "17000.0": 3.200000000000013,
        "18000.0": 3.199999999999993,
        "20000.0": 3.199999999999993,
        "24000.0": 3.200000000000013
    },
    "MA_Mook": {
        "600.0": 3.5,
        "1020.0": 3.5,
        "2000.0": 3.5,
        "4000.0": 3.5,
        "6000.0": 3.5,
        "8000.0": 3.5,
        "10000.0": 3.5,
        "12000.0": 3.5,
        "13000.0": 3.5,
        "14000.0": 3.5,
        "15000.0": 3.5,
        "16000.0": 3.5,
        "17000.0": 3.5,
        "18000.0": 3.5,
        "20000.0": 3.5,