{
    "BR_Lobith": {
        "600.0": 2.0367613107550078,
        "1020.0": 3.0872331585834765,
        "2000.0": 4.890619391209167,
        "4000.0": 7.392496579237754,
        "6000.0": 9.241408804815533,
        "8000.0": 10.673979276330403,
        "10000.0": 11.699226917698269,
        "12000.0": 12.505871386893624,
        "13000.0": 12.882765488779704,
        "14000.0": 13.237838458716979,
        "15000.0": 13.565482002982037,
        "16000.0": 13.87398261811985,
        "17000.0": 14.169889931760302,
        "18000.0": 14.452863627396052,
        "20000.0": 15.006379237439134,
        "24000.0": 16.09186016558295
    },
    "WA_Erlecom": {
        "600.0": 1.9491501433159226,
        "1020.0": 2.9849160875496605,
        "2000.0": 4.86287315968579,
        "4000.0": 7.219974454118271,
        "6000.0": 8.908382292724534,
        "8000.0": 10.094895510147156,
        "10000.0": 10.876685809968084,
        "12000.0": 11.621292201016175,
        "13000.0": 12.000856792036661,
        "14000.0": 12.373727173100658,
        "15000.0": 12.737604792020196,
        "16000.0": 13.073921047625024,
        "17000.0": 13.386967653219553,
        "18000.0": 13.669732300210978,
        "20000.0": 14.19642159857165,
        "24000.0": 15.227836120798486
    },
    "WA_Nijmegen": {
        "600.0": 1.457590101772884,
        "1020.0": 2.4930576113315484,
        "2000.0": 4.459822550016279,
        "4000.0": 6.725635784812183,
        "6000.0": 8.384548946710908,
        "8000.0": 9.457892261600687,
        "10000.0": 10.172622371630727,
        "12000.0": 10.918372722903555,
        "13000.0": 11.311224541903986,
        "14000.0": 11.685955104928937,
        "15000.0": 12.041385810931896,
        "16000.0": 12.363683448886388,
        "17000.0": 12.660321559138897,
        "18000.0": 12.928145380362576,
        "20000.0": 13.431503435098406,
        "24000.0": 14.420225974749687
    },
    "WA_Ewijk": {
        "600.0": 1.9722302057834384,
        "1020.0": 2.985590852467134,
        "2000.0": 4.92669062144836,
        "4000.0": 7.150697976240114,
        "6000.0": 8.740701265776098,
        "8000.0": 9.729145086217455,
        "10000.0": 10.330574966597041,
        "12000.0": 11.007238056002613,
        "13000.0": 11.377692002911331,
        "14000.0": 11.733792404341745,
        "15000.0": 12.073251664318715,
        "16000.0": 12.383519044609116,
        "17000.0": 12.667501681827462,
        "18000.0": 12.924988954213552,
        "20000.0": 13.409215762306523,
        "24000.0": 14.36284199924891
    },
    "WA_Ophemert": {
        "600.0": 2.4192974235333633,
        "1020.0": 3.2427585104407575,
        "2000.0": 4.9905835671967775,
        "4000.0": 7.0489960453752,
        "6000.0": 8.452182973781186,
        "8000.0": 9.416858057256828,
        "10000.0": 10.083133263212739,
        "12000.0": 10.831882680485965,
        "13000.0": 11.227194868145428,
        "14000.0": 11.60131148717003,
        "15000.0": 11.95449865318887,
        "16000.0": 12.279908288835939,
        "17000.0": 12.571629377283818,
        "18000.0": 12.836245608823688,
        "20000.0": 13.329796658847968,
        "24000.0": 14.29048552578143
    },
    "WA_St. Andries": {
        "600.0": 2.869592311515465,
        "1020.0": 3.395931615925928,
        "2000.0": 4.807601919552645,
        "4000.0": 6.566975878896417,
        "6000.0": 7.943890761060082,
        "8000.0": 9.051050440222816,
        "10000.0": 9.73703090250362,
        "12000.0": 10.461777325669578,
        "13000.0": 10.847034763703261,
        "14000.0": 11.21053432563602,
        "15000.0": 11.552352894662972,
        "16000.0": 11.867869320630863,
        "17000.0": 12.149256811278567,
        "18000.0": 12.405017239346591,
        "20000.0": 12.881046336427218,
        "24000.0": 13.805858270707676
    },
    "WA_Zaltbommel": {
        "600.0": 3.0571814565242144,
        "1020.0": 3.445798825765933,
        "2000.0": 4.6303614948542595,
        "4000.0": 6.3139056636063575,
        "6000.0": 7.655891428705494,
        "8000.0": 8.794617348813786,
        "10000.0": 9.46881976393811,
        "12000.0": 10.180531829806956,
        "13000.0": 10.559783323421104,
        "14000.0": 10.917945482624384,
        "15000.0": 11.254964970524872,
        "16000.0": 11.56603922365744,
        "17000.0": 11.843387994449301,
        "18000.0": 12.09551262031734,
        "20000.0": 12.564822457003574,
        "24000.0": 13.477191394903961
    },
    "NRL_Arnhem": {
        "600.0": 1.0910018886962485,
        "1020.0": 2.1077546935357097,
        "2000.0": 3.835067185343365,
        "4000.0": 5.2488725617562695,
        "6000.0": 6.731693785620361,
        "8000.0": 7.662449713900526,
        "10000.0": 8.248166292085884,
        "12000.0": 8.735441404067394,
        "13000.0": 8.967241496285698,
        "14000.0": 9.190243750661224,
        "15000.0": 9.415436746134557,
        "16000.0": 9.650007683915359,
        "17000.0": 9.913266454978423,
        "18000.0": 10.165362865254735,
        "20000.0": 10.615898190165286,
        "24000.0": 11.521204307102387
    },
    "MWK_Weurt": {
        "600.0": 2.351418633572241,
        "1020.0": 3.3816268714259623,
        "2000.0": 5.345261621401709,
        "4000.0": 7.592352513836678,
        "6000.0": 9.263536065273245,
        "8000.0": 10.353707346433339,
        "10000.0": 11.051852623833366,
        "12000.0": 11.787030101976095,
        "13000.0": 12.176551609556752,
        "14000.0": 12.548642319487588,
        "15000.0": 12.902718012428304,
        "16000.0": 13.223939450563252,
        "17000.0": 13.519461395561397,
        "18000.0": 13.786465537990535,
        "20000.0": 14.288290138293657,
        "24000.0": 15.274774598965692
    },
    "ARK_Tiel": {
        "600.0": 4.120026391637679,
        "1020.0": 5.009632188171108,
        "2000.0": 6.7986387972656015,
        "4000.0": 8.917666758983815,
        "6000.0": 10.34590277526905,
        "8000.0": 11.33844458673534,
        "10000.0": 11.968545262637033,
        "12000.0": 12.643260808715633,
        "13000.0": 13.031424359650128,
        "14000.0": 13.40238123862676,
        "15000.0": 13.753480038056779,
        "16000.0": 14.076771591593014,
        "17000.0": 14.367057339044344,
        "18000.0": 14.63078602022691,
        "20000.0": 15.12356866725977,
        "24000.0": 16.08447802263354
    },
    "TK_Eefde": {
        "600.0": 3.2136829863193674,
        "1020.0": 4.369814907657776,
        "2000.0": 6.298238212944515,
        "4000.0": 8.204960556055063,
        "6000.0": 9.1203093775259,
        "8000.0": 9.566013375204793,
        "10000.0": 9.918379206559955,
        "12000.0": 10.3052224930805,
        "13000.0": 10.403988119915692,
        "14000.0": 10.538549353180212,
        "15000.0": 10.652093425260546,
        "16000.0": 10.790050758887936,
        "17000.0": 11.013972894420267,
        "18000.0": 11.290020618588596,
        "20000.0": 11.904327634681664,
        "24000.0": 12.992589807285182
    },
    "MA_Niftrik": {
        "600.0": 4.48,
        "1020.0": 4.48,
        "2000.0": 4.48,
        "4000.0": 4.480000000000004,
        "6000.0": 4.479999999999997,
        "8000.0": 4.47999999999999,
        "10000.0": 4.480000000000004,
        "12000.0": 4.480000000000004,
        "13000.0": 4.480000000000004,
        "14000.0": 4.47999999999999,
        "15000.0": 4.480000000000018,
        "16000.0": 4.47999999999999,
        "17000.0": 4.480000000000018,
        "18000.0": 4.47999999999999,
        "20000.0": 4.47999999999999,
        "24000.0": 4.480000000000018
    },
    "MA_Mook": {
        "600.0": 4.8999999999999995,
        "1020.0": 4.8999999999999995,
        "2000.0": 4.8999999999999995,
        "4000.0": 4.8999999999999995,
        "6000.0": 4.8999999999999995,
        "8000.0": 4.8999999999999995,
        "10000.0": 4.8999999999999995,
        "12000.0": 4.8999999999999995,
        "13000.0": 4.8999999999999995,
        "14000.0": 4.8999999999999995,