{
    "BR_Lobith": {
        "600.0": 2.276468382301685,
        "1020.0": 3.330416064095056,
        "2000.0": 5.026542978467256,
        "4000.0": 7.557104917931006,
        "6000.0": 9.391227553278448,
        "8000.0": 10.804946466217839,
        "10000.0": 11.801727130819275,
        "12000.0": 12.565204531898058,
        "13000.0": 12.94128084997702,
        "14000.0": 13.289188998253707,
        "15000.0": 13.618452877883371,
        "16000.0": 13.932563080868395,
        "17000.0": 14.230387166055937,
        "18000.0": 14.511290207294863,
        "20000.0": 15.061609806669075,
        "24000.0": 16.1415393587527
    },
    "WA_Erlecom": {
        "600.0": 1.9454278009856423,
        "1020.0": 2.911077231106636,
        "2000.0": 4.605545930786404,
        "4000.0": 6.976364431801889,
        "6000.0": 8.62048720508599,
        "8000.0": 9.735538067933021,
        "10000.0": 10.51113288414337,
        "12000.0": 11.244037554222807,
        "13000.0": 11.620825145780346,
        "14000.0": 12.002318351790132,
        "15000.0": 12.372033060662359,
        "16000.0": 12.717755339906772,
        "17000.0": 13.029276012412907,
        "18000.0": 13.303337514918738,
        "20000.0": 13.82234435732109,
        "24000.0": 14.841880505444887
    },
    "WA_Nijmegen": {
        "600.0": 1.4184625145570116,
        "1020.0": 2.4000192074502684,
        "2000.0": 4.185777524380702,
        "4000.0": 6.523563939772599,
        "6000.0": 8.17960920059509,
        "8000.0": 9.223977664283709,
        "10000.0": 9.951011300519697,
        "12000.0": 10.689561028804082,
        "13000.0": 11.079286920656337,
        "14000.0": 11.460318631577707,
        "15000.0": 11.819420525420446,
        "16000.0": 12.150205051849303,
        "17000.0": 12.44579061877278,
        "18000.0": 12.706770535532842,
        "20000.0": 13.204005855364636,
        "24000.0": 14.182686572737829
    },
    "WA_Ewijk": {
        "600.0": 1.7692748291115246,
        "1020.0": 2.737450863289493,
        "2000.0": 4.510925420431172,
        "4000.0": 6.822640625267448,
        "6000.0": 8.416887741973344,
        "8000.0": 9.381907797484377,
        "10000.0": 9.99812022915683,
        "12000.0": 10.668830200604482,
        "13000.0": 11.037031311294664,
        "14000.0": 11.400034036806545,
        "15000.0": 11.745056683320733,
        "16000.0": 12.063942659189395,
        "17000.0": 12.348044631337771,
        "18000.0": 12.599629532747196,
        "20000.0": 13.079351704785626,
        "24000.0": 14.025363275602341
    },
    "WA_Ophemert": {
        "600.0": 2.2022998457680436,
        "1020.0": 3.0106739725471847,
        "2000.0": 4.605265796290932,
        "4000.0": 6.788205942461223,
        "6000.0": 8.218264271031474,
        "8000.0": 9.175983744860135,
        "10000.0": 9.859283163211698,
        "12000.0": 10.603253709637873,
        "13000.0": 10.99903402842767,
        "14000.0": 11.382931937421091,
        "15000.0": 11.74513606185385,
        "16000.0": 12.08089395583443,
        "17000.0": 12.37504029397078,
        "18000.0": 12.63498845040514,
        "20000.0": 13.12662809515108,
        "24000.0": 14.0839040944828
    },
    "WA_St. Andries": {
        "600.0": 2.8865365877831954,
        "1020.0": 3.388415830774575,
        "2000.0": 4.662372571144846,
        "4000.0": 6.575665771487104,
        "6000.0": 7.9819208976988225,
        "8000.0": 9.072781996887278,
        "10000.0": 9.76420872932659,
        "12000.0": 10.478899473895531,
        "13000.0": 10.863232749940469,
        "14000.0": 11.236138198787936,
        "15000.0": 11.58695453703201,
        "16000.0": 11.912797215916257,
        "17000.0": 12.19713668104852,
        "18000.0": 12.448999409455771,
        "20000.0": 12.924314447451655,
        "24000.0": 13.848365793626998
    },
    "WA_Zaltbommel": {
        "600.0": 3.1245074785478044,
        "1020.0": 3.4964189498318436,
        "2000.0": 4.543739750383677,
        "4000.0": 6.322139661139397,
        "6000.0": 7.692775440278062,
        "8000.0": 8.810829962716422,
        "10000.0": 9.51532697684149,
        "12000.0": 10.224951466699855,
        "13000.0": 10.60511369059752,
        "14000.0": 10.973355429439897,
        "15000.0": 11.319790072451612,
        "16000.0": 11.641061525750796,
        "17000.0": 11.921233309397726,
        "18000.0": 12.169301201572848,
        "20000.0": 12.6372995694563,
        "24000.0": 13.547355183944402
    },
    "NRL_Arnhem": {
        "600.0": 1.4024202078042505,
        "1020.0": 2.3735135326484587,
        "2000.0": 3.7520794354922042,
        "4000.0": 5.345289709126784,
        "6000.0": 6.806846632611394,
        "8000.0": 7.693869846775935,
        "10000.0": 8.285779587664425,
        "12000.0": 8.750260492047545,
        "13000.0": 8.974909347849621,
        "14000.0": 9.18539458180991,
        "15000.0": 9.39940462953506,
        "16000.0": 9.628759453440182,
        "17000.0": 9.882337068920961,
        "18000.0": 10.137842262284678,
        "20000.0": 10.588079161561858,
        "24000.0": 11.503507041057752
    },
    "MWK_Weurt": {
        "600.0": 2.6001937632017773,
        "1020.0": 3.5773501842041293,
        "2000.0": 5.362071362105339,
        "4000.0": 7.685466437215412,
        "6000.0": 9.356949773143906,
        "8000.0": 10.416392459663182,
        "10000.0": 11.13139416317441,
        "12000.0": 11.861849582476767,
        "13000.0": 12.248986048882333,
        "14000.0": 12.628209151200073,
        "15000.0": 12.986424022105998,
        "16000.0": 13.316570590130047,
        "17000.0": 13.611501600763258,
        "18000.0": 13.872004788826276,
        "20000.0": 14.368357971985471,
        "24000.0": 15.345725076000647
    },
    "ARK_Tiel": {
        "600.0": 4.121697730272393,
        "1020.0": 4.998141925095116,
        "2000.0": 6.628920191294281,
        "4000.0": 8.871416949951698,
        "6000.0": 10.322327300702824,
        "8000.0": 11.305274232777439,
        "10000.0": 11.956056005911062,
        "12000.0": 12.620963993252547,
        "13000.0": 13.008445090994458,
        "14000.0": 13.388323438457013,
        "15000.0": 13.747911721902899,
        "16000.0": 14.08120429215235,
        "17000.0": 14.373608954298106,
        "18000.0": 14.6324673044214,
        "20000.0": 15.122991797609997,
        "24000.0": 16.07992974934469
    },
    "TK_Eefde": {
        "600.0": 3.5236175165494696,
        "1020.0": 4.654637420919384,
        "2000.0": 6.263282742198603,
        "4000.0": 8.280721720876013,
        "6000.0": 9.157085654344922,
        "8000.0": 9.579989908773634,
        "10000.0": 9.961071310898769,
        "12000.0": 10.322381928782463,
        "13000.0": 10.417565440146458,
        "14000.0": 10.549458691076904,
        "15000.0": 10.658463283591871,
        "16000.0": 10.793660250409328,
        "17000.0": 11.013962648551328,
        "18000.0": 11.293730204038567,
        "20000.0": 11.908967432359379,
        "24000.0": 12.993417325396557
    },
    "MA_Niftrik": {
        "600.0": 4.48,
        "1020.0": 4.48,
        "2000.0": 4.48,
        "4000.0": 4.480000000000004,
        "6000.0": 4.479999999999997,
        "8000.0": 4.47999999999999,
        "10000.0": 4.480000000000004,
        "12000.0": 4.480000000000004,
        "13000.0": 4.480000000000004,
        "14000.0": 4.47999999999999,
        "15000.0": 4.480000000000018,
        "16000.0": 4.47999999999999,
        "17000.0": 4.480000000000018,
        "18000.0": 4.47999999999999,
        "20000.0": 4.47999999999999,
        "24000.0": 4.480000000000018
    },
    "MA_Mook": {
        "600.0": 4.8999999999999995,
        "1020.0": 4.8999999999999995,
        "2000.0": 4.8999999999999995,
        "4000.0": 4.8999999999999995,
        "6000.0": 4.8999999999999995,
        "8000.0": 4.8999999999999995,
        "10000.0": 4.8999999999999995,
        "12000.0": 4.8999999999999995,
        "13000.0": 4.8999999999999995,
        "14000.0": 4.8999999999999995,